INSERT INTO `lsts_2020`.`asset_form_types` (`type_key`, `school_key`, `type_name`, `type_code`, `description`, `group_key`, `prefix`, `require_approval`, `require_return`, `allow_consumable`, `allow_fixed_asset`, `allow_controlled_consumable`, `auto_complete`, `is_damaged_form`, `default_status`, `dept_name`, `storage_keys`, `form_tab`, `manager_key`, `email`, `chief_email`, `v_chief_email`, `created_at`, `updated_at`, `create_by`, `update_by`, `deleted_at`) VALUES (1, 2, 'Phiếu mượn thiết bị phòng thí nghiệm HSC', 'LAB_HSC', 'Phiếu mượn thiết bị/vật tư', 2, 'HSC', 1, 1, 1, 1, 1, 0, 0, 'in_progress', 'Phòng thí nghiệm', '370,316,280,7,315,88', 1, 68, 'lab.hs@lsts.edu.vn', 'v.chief.pd.hs@lsts.edu.vn', 'hos@lsts.edu.vn', '2023-12-22 15:13:53', '2025-04-24 17:29:29', 'A331 - Trần Đình Huy', 'A331 - Trần Đình Huy', NULL);
INSERT INTO `lsts_2020`.`asset_form_types` (`type_key`, `school_key`, `type_name`, `type_code`, `description`, `group_key`, `prefix`, `require_approval`, `require_return`, `allow_consumable`, `allow_fixed_asset`, `allow_controlled_consumable`, `auto_complete`, `is_damaged_form`, `default_status`, `dept_name`, `storage_keys`, `form_tab`, `manager_key`, `email`, `chief_email`, `v_chief_email`, `created_at`, `updated_at`, `create_by`, `update_by`, `deleted_at`) VALUES (2, 1, 'Phiếu mượn thiết bị phòng thí nghiệm MSC', 'LAB_MSC', 'Phiếu mượn thiết bị/vật tư', 1, 'MSC', 1, 1, 1, 1, 1, 0, 0, 'in_progress', 'Phòng thí nghiệm', '124', 1, 806, 'lab.ms@lsts.edu.vn', 'chief.pd.ms@lsts.edu.vn', 'hos@lsts.edu.vn', '2023-12-22 15:17:02', '2025-02-17 16:26:46', 'A331 - Trần Đình Huy', 'A331 - Trần Đình Huy', NULL);
INSERT INTO `lsts_2020`.`asset_form_types` (`type_key`, `school_key`, `type_name`, `type_code`, `description`, `group_key`, `prefix`, `require_approval`, `require_return`, `allow_consumable`, `allow_fixed_asset`, `allow_controlled_consumable`, `auto_complete`, `is_damaged_form`, `default_status`, `dept_name`, `storage_keys`, `form_tab`, `manager_key`, `email`, `chief_email`, `v_chief_email`, `created_at`, `updated_at`, `create_by`, `update_by`, `deleted_at`) VALUES (3, 2, 'Phiếu xin cấp Phòng của cơ sở vật chất HSC', 'ROOM_HSC', 'Phiếu cấp phát tài sản', 2, 'HSC', 1, 0, 1, 1, 1, 1, 0, 'pending_return_confirmation', 'Bộ phận cơ sở vật chất', '', 3, 680, 'asset.hs@lsts.edu.vn', 'v.chief.pd.hs@lsts.edu.vn', 'hos@lsts.edu.vn', '2023-12-22 15:17:48', '2025-06-24 14:54:05', 'A331 - Trần Đình Huy', 'A331 - Trần Đình Huy', NULL);
INSERT INTO `lsts_2020`.`asset_form_types` (`type_key`, `school_key`, `type_name`, `type_code`, `description`, `group_key`, `prefix`, `require_approval`, `require_return`, `allow_consumable`, `allow_fixed_asset`, `allow_controlled_consumable`, `auto_complete`, `is_damaged_form`, `default_status`, `dept_name`, `storage_keys`, `form_tab`, `manager_key`, `email`, `chief_email`, `v_chief_email`, `created_at`, `updated_at`, `create_by`, `update_by`, `deleted_at`) VALUES (4, 1, 'Phiếu xin cấp Phòng cơ sở vật chất MSC', 'ROOM_MSC', 'Phiếu cấp phát tài sản', 1, 'MSC', 1, 0, 1, 1, 1, 1, 0, 'borrowed', 'Bộ phận cơ sở vật chất', '', 3, 117, 'asset.ms@lsts.edu.vn', 'chief.pd.ms@lsts.edu.vn', 'hos@lsts.edu.vn', '2023-12-22 15:17:50', '2025-03-05 11:34:35', 'A331 - Trần Đình Huy', 'A331 - Trần Đình Huy', NULL);
INSERT INTO `lsts_2020`.`asset_form_types` (`type_key`, `school_key`, `type_name`, `type_code`, `description`, `group_key`, `prefix`, `require_approval`, `require_return`, `allow_consumable`, `allow_fixed_asset`, `allow_controlled_consumable`, `auto_complete`, `is_damaged_form`, `default_status`, `dept_name`, `storage_keys`, `form_tab`, `manager_key`, `email`, `chief_email`, `v_chief_email`, `created_at`, `updated_at`, `create_by`, `update_by`, `deleted_at`) VALUES (5, 2, 'Phiếu kiểm kho của GD HSC', NULL, NULL, NULL, NULL, 1, 1, 1, 1, 1, 0, 1, 'in_progress', 'Phòng thí nghiệm', '', 1, 68, 'lab.hs@lsts.edu.vn', 'chief.pd.hs@lsts.edu.vn', NULL, '2024-04-05 09:38:38', '2024-12-03 17:26:26', 'A331 - Trần Đình Huy', 'A331 - Trần Đình Huy', '2025-03-11 09:41:00');
INSERT INTO `lsts_2020`.`asset_form_types` (`type_key`, `school_key`, `type_name`, `type_code`, `description`, `group_key`, `prefix`, `require_approval`, `require_return`, `allow_consumable`, `allow_fixed_asset`, `allow_controlled_consumable`, `auto_complete`, `is_damaged_form`, `default_status`, `dept_name`, `storage_keys`, `form_tab`, `manager_key`, `email`, `chief_email`, `v_chief_email`, `created_at`, `updated_at`, `create_by`, `update_by`, `deleted_at`) VALUES (6, 1, 'Phiếu kiểm kho Lab MSC', 'AUDIT_MSC', 'Phiếu kiểm tra tồn kho', 1, 'MSC', 1, 0, 1, 1, 1, 1, 1, 'pending_return_confirmation', 'Phòng thí nghiệm', '', 2, 806, 'lab.ms@lsts.edu.vn', 'chief.pd.ms@lsts.edu.vn', 'hos@lsts.edu.vn', '2023-12-22 15:13:53', '2025-03-11 09:40:50', 'A331 - Trần Đình Huy', 'A331 - Trần Đình Huy', NULL);
INSERT INTO `lsts_2020`.`asset_form_types` (`type_key`, `school_key`, `type_name`, `type_code`, `description`, `group_key`, `prefix`, `require_approval`, `require_return`, `allow_consumable`, `allow_fixed_asset`, `allow_controlled_consumable`, `auto_complete`, `is_damaged_form`, `default_status`, `dept_name`, `storage_keys`, `form_tab`, `manager_key`, `email`, `chief_email`, `v_chief_email`, `created_at`, `updated_at`, `create_by`, `update_by`, `deleted_at`) VALUES (7, 1, 'Phiếu mượn thiết bị phòng Makerlab MSC', 'MAKER_MSC', 'Phiếu mượn thiết bị/vật tư', 1, 'MSC', 1, 1, 1, 1, 1, 0, 0, 'in_progress', 'Phòng thí nghiệm', '', 1, 20, 'ict.vuongnd@lsts.edu.vn', 'chief.pd.ms@lsts.edu.vn', NULL, '2024-03-02 10:38:23', '2024-12-04 21:12:53', 'A331 - Trần Đình Huy', 'A331 - Trần Đình Huy', NULL);
INSERT INTO `lsts_2020`.`asset_form_types` (`type_key`, `school_key`, `type_name`, `type_code`, `description`, `group_key`, `prefix`, `require_approval`, `require_return`, `allow_consumable`, `allow_fixed_asset`, `allow_controlled_consumable`, `auto_complete`, `is_damaged_form`, `default_status`, `dept_name`, `storage_keys`, `form_tab`, `manager_key`, `email`, `chief_email`, `v_chief_email`, `created_at`, `updated_at`, `create_by`, `update_by`, `deleted_at`) VALUES (8, 2, 'Phiếu mượn thiết bị phòng Makerlab HSC', 'MAKER_HSC', 'Phiếu mượn thiết bị/vật tư', 2, 'HSC', 1, 1, 1, 1, 1, 0, 0, 'in_progress', 'Phòng thí nghiệm', '', 1, 21, 'ict.thinhhq@lsts.edu.vn', 'chief.pd.hs@lsts.edu.vn', NULL, '2024-03-28 16:41:59', '2024-12-03 17:26:32', 'A331 - Trần Đình Huy', 'A331 - Trần Đình Huy', NULL);
INSERT INTO `lsts_2020`.`asset_form_types` (`type_key`, `school_key`, `type_name`, `type_code`, `description`, `group_key`, `prefix`, `require_approval`, `require_return`, `allow_consumable`, `allow_fixed_asset`, `allow_controlled_consumable`, `auto_complete`, `is_damaged_form`, `default_status`, `dept_name`, `storage_keys`, `form_tab`, `manager_key`, `email`, `chief_email`, `v_chief_email`, `created_at`, `updated_at`, `create_by`, `update_by`, `deleted_at`) VALUES (9, 2, 'Phiếu mượn thiết bị & phòng Vật lý HSC', 'PHYSICS_HSC', 'Phiếu mượn thiết bị/vật tư', 2, 'HSC', 1, 1, 1, 1, 1, 0, 0, 'in_progress', 'Phòng thí nghiệm', '', 1, 793, 'phys.longln@lsts.edu.vn', 'chief.pd.hs@lsts.edu.vn', NULL, '2024-04-02 10:49:01', '2024-12-04 21:11:16', 'A331 - Trần Đình Huy', 'A331 - Trần Đình Huy', NULL);
INSERT INTO `lsts_2020`.`asset_form_types` (`type_key`, `school_key`, `type_name`, `type_code`, `description`, `group_key`, `prefix`, `require_approval`, `require_return`, `allow_consumable`, `allow_fixed_asset`, `allow_controlled_consumable`, `auto_complete`, `is_damaged_form`, `default_status`, `dept_name`, `storage_keys`, `form_tab`, `manager_key`, `email`, `chief_email`, `v_chief_email`, `created_at`, `updated_at`, `create_by`, `update_by`, `deleted_at`) VALUES (10, 2, 'Phiếu kiểm kho Lab HSC', 'LAB_AUDIT_HSC', 'Phiếu kiểm tra tồn kho', 2, 'HSC', 1, 0, 1, 1, 1, 1, 1, 'pending_return_confirmation', 'Phòng thí nghiệm', '', 2, 68, 'lab.hs@lsts.edu.vn', 'v.chief.pd.hs@lsts.edu.vn', 'v.chief.pd.hs@lsts.edu.vn', '2024-04-05 09:38:38', '2025-03-11 09:40:31', 'A331 - Trần Đình Huy', 'A331 - Trần Đình Huy', NULL);
INSERT INTO `lsts_2020`.`asset_form_types` (`type_key`, `school_key`, `type_name`, `type_code`, `description`, `group_key`, `prefix`, `require_approval`, `require_return`, `allow_consumable`, `allow_fixed_asset`, `allow_controlled_consumable`, `auto_complete`, `is_damaged_form`, `default_status`, `dept_name`, `storage_keys`, `form_tab`, `manager_key`, `email`, `chief_email`, `v_chief_email`, `created_at`, `updated_at`, `create_by`, `update_by`, `deleted_at`) VALUES (11, 2, 'Phiếu mượn vật tư & phòng Dinh dưỡng MSC', 'NUTRITION_MSC', 'Phiếu mượn thiết bị/vật tư', 2, 'MSC', 1, 1, 1, 1, 1, 0, 0, 'in_progress', 'Phòng thí nghiệm', '', 1, 804, 'tech.vangpn@lsts.edu.vn', 'chief.pd.ms@lsts.edu.vn', NULL, '2024-07-31 16:15:54', '2024-12-05 14:02:05', 'A331 - Trần Đình Huy', 'A331 - Trần Đình Huy', NULL);
INSERT INTO `lsts_2020`.`asset_form_types` (`type_key`, `school_key`, `type_name`, `type_code`, `description`, `group_key`, `prefix`, `require_approval`, `require_return`, `allow_consumable`, `allow_fixed_asset`, `allow_controlled_consumable`, `auto_complete`, `is_damaged_form`, `default_status`, `dept_name`, `storage_keys`, `form_tab`, `manager_key`, `email`, `chief_email`, `v_chief_email`, `created_at`, `updated_at`, `create_by`, `update_by`, `deleted_at`) VALUES (12, 2, 'Phiếu mượn vật tư Mỹ thuật MSC', 'ART_MSC', 'Phiếu mượn thiết bị/vật tư', 2, 'MSC', 1, 1, 1, 1, 1, 0, 0, 'in_progress', 'Phòng thí nghiệm', '', 1, 46, 'arts.huyvt@lsts.edu.vn', 'chief.pd.ms@lsts.edu.vn', NULL, '2024-08-08 10:24:44', '2024-12-03 17:27:25', 'A331 - Trần Đình Huy', 'A331 - Trần Đình Huy', NULL);
INSERT INTO `lsts_2020`.`asset_form_types` (`type_key`, `school_key`, `type_name`, `type_code`, `description`, `group_key`, `prefix`, `require_approval`, `require_return`, `allow_consumable`, `allow_fixed_asset`, `allow_controlled_consumable`, `auto_complete`, `is_damaged_form`, `default_status`, `dept_name`, `storage_keys`, `form_tab`, `manager_key`, `email`, `chief_email`, `v_chief_email`, `created_at`, `updated_at`, `create_by`, `update_by`, `deleted_at`) VALUES (13, 2, 'Phiếu mượn vật tư Mỹ thuật HSC', 'ART_HSC', 'Phiếu mượn thiết bị/vật tư', 2, 'HSC', 1, 1, 1, 1, 1, 0, 0, 'in_progress', 'Phòng thí nghiệm', '', 1, 608, 'arts.mylth@lsts.edu.vn', 'chief.pd.hs@lsts.edu.vn', NULL, '2024-08-08 10:51:21', '2024-12-03 17:27:23', 'A331 - Trần Đình Huy', 'A331 - Trần Đình Huy', NULL);
INSERT INTO `lsts_2020`.`asset_form_types` (`type_key`, `school_key`, `type_name`, `type_code`, `description`, `group_key`, `prefix`, `require_approval`, `require_return`, `allow_consumable`, `allow_fixed_asset`, `allow_controlled_consumable`, `auto_complete`, `is_damaged_form`, `default_status`, `dept_name`, `storage_keys`, `form_tab`, `manager_key`, `email`, `chief_email`, `v_chief_email`, `created_at`, `updated_at`, `create_by`, `update_by`, `deleted_at`) VALUES (14, 2, 'Quản lý  tài sản cố định HSC', NULL, NULL, NULL, NULL, 1, 1, 1, 1, 1, 0, 1, 'in_progress', 'Phòng thí nghiệm', '', 1, NULL, 'lab.hs@lsts.edu.vn', 'chief.pd.hs@lsts.edu.vn', NULL, '2024-08-09 14:20:21', '2024-08-21 16:29:17', 'A331 - Trần Đình Huy', 'A331 - Trần Đình Huy', '2024-12-03 17:20:41');
INSERT INTO `lsts_2020`.`asset_form_types` (`type_key`, `school_key`, `type_name`, `type_code`, `description`, `group_key`, `prefix`, `require_approval`, `require_return`, `allow_consumable`, `allow_fixed_asset`, `allow_controlled_consumable`, `auto_complete`, `is_damaged_form`, `default_status`, `dept_name`, `storage_keys`, `form_tab`, `manager_key`, `email`, `chief_email`, `v_chief_email`, `created_at`, `updated_at`, `create_by`, `update_by`, `deleted_at`) VALUES (15, 1, 'Quản lý tài sản cố định MSC', NULL, NULL, NULL, NULL, 1, 1, 1, 1, 1, 0, 1, 'in_progress', 'Bộ phận cơ sở vật chất', '', 1, NULL, 'asset.ms@lsts.edu.vn', 'chief.pd.ms@lsts.edu.vn', NULL, '2024-08-09 14:22:17', '2024-08-21 16:29:05', 'A331 - Trần Đình Huy', 'A331 - Trần Đình Huy', '2024-12-03 17:20:37');
INSERT INTO `lsts_2020`.`asset_form_types` (`type_key`, `school_key`, `type_name`, `type_code`, `description`, `group_key`, `prefix`, `require_approval`, `require_return`, `allow_consumable`, `allow_fixed_asset`, `allow_controlled_consumable`, `auto_complete`, `is_damaged_form`, `default_status`, `dept_name`, `storage_keys`, `form_tab`, `manager_key`, `email`, `chief_email`, `v_chief_email`, `created_at`, `updated_at`, `create_by`, `update_by`, `deleted_at`) VALUES (16, 1, 'Phiếu mượn vật tư Y tế MSC - Phòng A103', 'MEDICAL_MSC', 'Phiếu mượn thiết bị/vật tư', 1, 'MSC', 1, 1, 1, 1, 1, 0, 0, 'in_progress', 'Phòng thí nghiệm', '', 2, 574, 'nurse.ms01@lsts.edu.vn', 'hos@lsts.edu.vn', 'hos@lsts.edu.vn', '2024-12-04 19:40:39', '2025-02-14 15:18:33', 'A331 - Trần Đình Huy', 'A331 - Trần Đình Huy', NULL);
INSERT INTO `lsts_2020`.`asset_form_types` (`type_key`, `school_key`, `type_name`, `type_code`, `description`, `group_key`, `prefix`, `require_approval`, `require_return`, `allow_consumable`, `allow_fixed_asset`, `allow_controlled_consumable`, `auto_complete`, `is_damaged_form`, `default_status`, `dept_name`, `storage_keys`, `form_tab`, `manager_key`, `email`, `chief_email`, `v_chief_email`, `created_at`, `updated_at`, `create_by`, `update_by`, `deleted_at`) VALUES (17, 1, 'Phiếu mượn vật tư Y tế HSC - Phòng 127', 'MEDICAL_HSC', 'Phiếu mượn thiết bị/vật tư', 1, 'HSC', 1, 1, 1, 1, 1, 0, 0, 'in_progress', 'Phòng thí nghiệm', '', 2, 777, 'nurse.01@lsts.edu.vn', 'hos@lsts.edu.vn', 'hos@lsts.edu.vn', '2024-12-04 19:51:05', '2025-02-14 15:18:30', 'A331 - Trần Đình Huy', 'A331 - Trần Đình Huy', NULL);
INSERT INTO `lsts_2020`.`asset_form_types` (`type_key`, `school_key`, `type_name`, `type_code`, `description`, `group_key`, `prefix`, `require_approval`, `require_return`, `allow_consumable`, `allow_fixed_asset`, `allow_controlled_consumable`, `auto_complete`, `is_damaged_form`, `default_status`, `dept_name`, `storage_keys`, `form_tab`, `manager_key`, `email`, `chief_email`, `v_chief_email`, `created_at`, `updated_at`, `create_by`, `update_by`, `deleted_at`) VALUES (18, 2, 'Phiếu xin cấp vật tư thiết bị cơ sở vật chất HSC', 'SUPPLY_HSC', 'Phiếu cấp phát tài sản', 2, 'HSC', 1, 0, 1, 1, 1, 1, 0, 'pending_return_confirmation', 'Bộ phận cơ sở vật chất', '', 2, 680, 'asset.hs@lsts.edu.vn', 'dean.general@lsts.edu.vn', 'procurement.hs@lsts.edu.vn', '2025-02-14 12:34:21', '2025-06-24 14:53:49', 'A331 - Trần Đình Huy', 'A331 - Trần Đình Huy', NULL);
INSERT INTO `lsts_2020`.`asset_form_types` (`type_key`, `school_key`, `type_name`, `type_code`, `description`, `group_key`, `prefix`, `require_approval`, `require_return`, `allow_consumable`, `allow_fixed_asset`, `allow_controlled_consumable`, `auto_complete`, `is_damaged_form`, `default_status`, `dept_name`, `storage_keys`, `form_tab`, `manager_key`, `email`, `chief_email`, `v_chief_email`, `created_at`, `updated_at`, `create_by`, `update_by`, `deleted_at`) VALUES (19, 1, 'Phiếu cấp vật tư thiết bị của cơ sở vật chất MSC', 'SUPPLY_MSC', 'Phiếu cấp phát tài sản', 1, 'MSC', 1, 0, 1, 1, 1, 1, 0, 'pending_return_confirmation', 'Bộ phận cơ sở vật chất', '', 2, 117, 'asset.ms@lsts.edu.vn', 'dean.general@lsts.edu.vn', 'chief.gd.hs@lsts.edu.vn', '2025-02-14 12:39:30', '2025-06-23 02:53:40', 'A331 - Trần Đình Huy', 'A331 - Trần Đình Huy', NULL);


INSERT INTO `lsts_2020`.`asset_transaction_forms` (`form_id`, `form_code`, `form_type`, `type_key`, `school_year`, `subject_name`, `user_name`, `user_key`, `user_email`, `user_signature`, `request_date`, `expected_due_date`, `due_date`, `issue_date`, `return_date`, `completed_date`, `status`, `attach_file`, `manager_signature`, `manager_name`, `manager_email`, `processor`, `parent_form_id`, `old_form_key`, `old_record_key`, `department_key`, `project_key`, `cost_center`, `note`, `created_at`, `updated_at`, `create_by`, `update_by`, `deleted_at`) VALUES (8, '2324-001-0008', 'issuance', 1, '2023 - 2024', 'NCKH 9', 'B309-Bùi Thị Hồng Lĩnh', 470, 'chem.linhbth@lsts.edu.vn', 'signature/582510_b309.png', '2023-09-28', '2023-10-12', '2023-09-21', NULL, NULL, '2023-12-27 10:10:43', 'completed', NULL, NULL, NULL, NULL, 'lab.hs@lsts.edu.vn', NULL, 8, NULL, NULL, NULL, NULL, NULL, '2023-09-21 16:18:43', '2023-12-27 10:10:43', 'B309 - Bùi Thị Hồng Lĩnh', 'A255 - Nguyễn Thị Hoa', NULL);
INSERT INTO `lsts_2020`.`asset_transaction_forms` (`form_id`, `form_code`, `form_type`, `type_key`, `school_year`, `subject_name`, `user_name`, `user_key`, `user_email`, `user_signature`, `request_date`, `expected_due_date`, `due_date`, `issue_date`, `return_date`, `completed_date`, `status`, `attach_file`, `manager_signature`, `manager_name`, `manager_email`, `processor`, `parent_form_id`, `old_form_key`, `old_record_key`, `department_key`, `project_key`, `cost_center`, `note`, `created_at`, `updated_at`, `create_by`, `update_by`, `deleted_at`) VALUES (9, '2324-001-0009', 'issuance', 1, '2023 - 2024', 'Saccarozo', 'B161-Lê Thành Vĩnh', 66, 'chem.vinhlt@lsts.edu.vn', 'signature/850400_signature.png', '2023-10-02', '2023-10-16', '2023-09-27', NULL, NULL, '2023-09-28 08:37:50', 'completed', NULL, NULL, NULL, NULL, 'lab.hs@lsts.edu.vn', NULL, 9, NULL, NULL, NULL, NULL, NULL, '2023-09-27 14:37:53', '2023-09-28 08:37:50', 'B161 - Lê Thành Vĩnh', 'A255 - Nguyễn Thị Hoa', NULL);
INSERT INTO `lsts_2020`.`asset_transaction_forms` (`form_id`, `form_code`, `form_type`, `type_key`, `school_year`, `subject_name`, `user_name`, `user_key`, `user_email`, `user_signature`, `request_date`, `expected_due_date`, `due_date`, `issue_date`, `return_date`, `completed_date`, `status`, `attach_file`, `manager_signature`, `manager_name`, `manager_email`, `processor`, `parent_form_id`, `old_form_key`, `old_record_key`, `department_key`, `project_key`, `cost_center`, `note`, `created_at`, `updated_at`, `create_by`, `update_by`, `deleted_at`) VALUES (10, '2324-001-0010', 'issuance', 1, '2023 - 2024', 'Nhiễm sắc thể', 'B290-Đinh', 24, 'bio.hieudq@lsts.edu.vn', 'signature/757872_chu_ky_(1)[1].png', '2023-10-09', '2023-10-23', '2023-09-28', NULL, NULL, '2023-10-04 13:41:03', 'completed', NULL, NULL, NULL, NULL, 'lab.hs@lsts.edu.vn', NULL, 10, NULL, NULL, NULL, NULL, NULL, '2023-09-28 14:05:38', '2023-10-04 13:41:03', 'B290 - Đinh Quang Hiếu', 'A255 - Nguyễn Thị Hoa', NULL);
INSERT INTO `lsts_2020`.`asset_transaction_forms` (`form_id`, `form_code`, `form_type`, `type_key`, `school_year`, `subject_name`, `user_name`, `user_key`, `user_email`, `user_signature`, `request_date`, `expected_due_date`, `due_date`, `issue_date`, `return_date`, `completed_date`, `status`, `attach_file`, `manager_signature`, `manager_name`, `manager_email`, `processor`, `parent_form_id`, `old_form_key`, `old_record_key`, `department_key`, `project_key`, `cost_center`, `note`, `created_at`, `updated_at`, `create_by`, `update_by`, `deleted_at`) VALUES (12, '2324-001-0012', 'issuance', 1, '2023 - 2024', 'Nuôi cấy vi sinh vật', 'B290-Đinh Quang Hiếu', 24, 'bio.hieudq@lsts.edu.vn', 'signature/757872_chu_ky_(1)[1].png', '2023-11-09', '2023-11-23', '2023-10-10', NULL, NULL, '2023-12-26 14:20:09', 'completed', NULL, NULL, NULL, NULL, 'lab.hs@lsts.edu.vn', NULL, 12, NULL, NULL, NULL, NULL, NULL, '2023-10-10 20:46:38', '2023-12-26 14:20:09', 'B290 - Đinh Quang Hiếu', 'A255 - Nguyễn Thị Hoa', NULL);
INSERT INTO `lsts_2020`.`asset_transaction_forms` (`form_id`, `form_code`, `form_type`, `type_key`, `school_year`, `subject_name`, `user_name`, `user_key`, `user_email`, `user_signature`, `request_date`, `expected_due_date`, `due_date`, `issue_date`, `return_date`, `completed_date`, `status`, `attach_file`, `manager_signature`, `manager_name`, `manager_email`, `processor`, `parent_form_id`, `old_form_key`, `old_record_key`, `department_key`, `project_key`, `cost_center`, `note`, `created_at`, `updated_at`, `create_by`, `update_by`, `deleted_at`) VALUES (15, '2324-001-0015', 'issuance', 1, '2023 - 2024', 'Amonia', 'B309 - Bùi Thị Hồng Lĩnh', 470, 'chem.linhbth@lsts.edu.vn', 'signature/582510_b309.png', '2023-10-16', '2023-10-30', '2024-06-13', NULL, NULL, '2024-06-07 22:57:32', 'completed', NULL, NULL, NULL, NULL, 'lab.hs@lsts.edu.vn', NULL, 15, NULL, NULL, NULL, NULL, NULL, '2023-10-13 08:28:14', '2024-06-07 22:57:32', 'B309 - Bùi Thị Hồng Lĩnh', 'A331 - Trần Đình Huy', NULL);
INSERT INTO `lsts_2020`.`asset_transaction_forms` (`form_id`, `form_code`, `form_type`, `type_key`, `school_year`, `subject_name`, `user_name`, `user_key`, `user_email`, `user_signature`, `request_date`, `expected_due_date`, `due_date`, `issue_date`, `return_date`, `completed_date`, `status`, `attach_file`, `manager_signature`, `manager_name`, `manager_email`, `processor`, `parent_form_id`, `old_form_key`, `old_record_key`, `department_key`, `project_key`, `cost_center`, `note`, `created_at`, `updated_at`, `create_by`, `update_by`, `deleted_at`) VALUES (16, '2324-001-0016', 'damage', 1, '2023 - 2024', 'Dự án vén màn bí mật khối 11 (các buổi trưa trong tuần và sau giờ tuần 11+12+13)', 'B309 - Bùi Thị Hồng Lĩnh', 470, 'chem.linhbth@lsts.edu.vn', 'signature/582510_b309.png', '2023-10-13', '2023-10-27', '2023-10-27', NULL, NULL, '2024-06-10 09:29:02', '', NULL, 'signature/563060_signature.png', 'Nguyễn Thị Hoa', 'lab.hs@lsts.edu.vn', 'lab.hs@lsts.edu.vn', NULL, 16, NULL, NULL, NULL, NULL, NULL, '2023-10-13 08:46:36', '2024-10-31 10:51:01', 'B309 - Bùi Thị Hồng Lĩnh', 'A331 - Trần Đình Huy', NULL);


INSERT INTO `lsts_2020`.`asset_category_view` (`item_key`, `item_name`, `parent_key`, `level`, `key_serial`, `code`, `create_by`, `update_by`, `created_at`, `updated_at`, `category_name`, `category_name_en`, `item_name_en`, `unit`, `deleted_at`, `item_type_key`, `root_item_type_key`, `manage_by`, `publish_company_code`, `short_name`, `liquid_group_key`, `group_key`, `item_image_url`, `safe_quantity`, `old_code`, `specification`, `version`, `conversion_rate`, `description`, `status`, `active_by`) VALUES (2886, 'Pin tiểu AA Alkaline', 971, 2, '910-971-2886', 'G02-02-15', 'A389 - Nguyễn Thị Kim Liên', 'A331 - Trần Đình Huy', '2024-07-24 23:14:38', '2024-10-18 14:20:58', 'Vật tư tiêu hao dùng 1 lần', '', 'Small battery', 'Cái', NULL, 2, 2, 'lab_msc', NULL, NULL, 2, 4, NULL, 0.00, NULL, '', '1.0', 1.0000, '', 'active', '');
INSERT INTO `lsts_2020`.`asset_category_view` (`item_key`, `item_name`, `parent_key`, `level`, `key_serial`, `code`, `create_by`, `update_by`, `created_at`, `updated_at`, `category_name`, `category_name_en`, `item_name_en`, `unit`, `deleted_at`, `item_type_key`, `root_item_type_key`, `manage_by`, `publish_company_code`, `short_name`, `liquid_group_key`, `group_key`, `item_image_url`, `safe_quantity`, `old_code`, `specification`, `version`, `conversion_rate`, `description`, `status`, `active_by`) VALUES (2058, 'Quang trở', 971, 2, '910-971-2058', 'G02-02-14', 'A331 - Trần Đình Huy', 'A331 - Trần Đình Huy', '2023-12-18 00:00:00', '2024-10-18 14:20:58', 'Vật tư tiêu hao dùng 1 lần', '', 'Photoresistor', 'Cái/piece', NULL, 2, 2, 'lab_msc', '', '', 1, 4, NULL, 0.00, NULL, '', '1.0', 1.0000, '', 'active', '');
INSERT INTO `lsts_2020`.`asset_category_view` (`item_key`, `item_name`, `parent_key`, `level`, `key_serial`, `code`, `create_by`, `update_by`, `created_at`, `updated_at`, `category_name`, `category_name_en`, `item_name_en`, `unit`, `deleted_at`, `item_type_key`, `root_item_type_key`, `manage_by`, `publish_company_code`, `short_name`, `liquid_group_key`, `group_key`, `item_image_url`, `safe_quantity`, `old_code`, `specification`, `version`, `conversion_rate`, `description`, `status`, `active_by`) VALUES (1658, 'Băng keo cách điện', 971, 2, '910-971-1658', 'G02-02-13', 'A331 - Trần Đình Huy', 'A331 - Trần Đình Huy', '2023-12-01 00:00:00', '2024-10-18 14:20:57', 'Vật tư tiêu hao dùng 1 lần', '', 'Insulation tape', 'Cái/piece', NULL, 2, 2, 'lab_msc', '', '', 1, 4, NULL, 0.00, NULL, '', '1.0', 1.0000, '', 'active', '');
INSERT INTO `lsts_2020`.`asset_category_view` (`item_key`, `item_name`, `parent_key`, `level`, `key_serial`, `code`, `create_by`, `update_by`, `created_at`, `updated_at`, `category_name`, `category_name_en`, `item_name_en`, `unit`, `deleted_at`, `item_type_key`, `root_item_type_key`, `manage_by`, `publish_company_code`, `short_name`, `liquid_group_key`, `group_key`, `item_image_url`, `safe_quantity`, `old_code`, `specification`, `version`, `conversion_rate`, `description`, `status`, `active_by`) VALUES (1657, 'Cầu chì ống', 971, 2, '910-971-1657', 'G02-02-12', 'A331 - Trần Đình Huy', 'A331 - Trần Đình Huy', '2023-12-01 00:00:00', '2024-10-18 14:20:57', 'Vật tư tiêu hao dùng 1 lần', '', 'Fuse tube', 'Cái/piece', NULL, 2, 2, 'lab_msc', '', '', 1, 4, NULL, 0.00, NULL, '', '1.0', 1.0000, '', 'active', '');
INSERT INTO `lsts_2020`.`asset_category_view` (`item_key`, `item_name`, `parent_key`, `level`, `key_serial`, `code`, `create_by`, `update_by`, `created_at`, `updated_at`, `category_name`, `category_name_en`, `item_name_en`, `unit`, `deleted_at`, `item_type_key`, `root_item_type_key`, `manage_by`, `publish_company_code`, `short_name`, `liquid_group_key`, `group_key`, `item_image_url`, `safe_quantity`, `old_code`, `specification`, `version`, `conversion_rate`, `description`, `status`, `active_by`) VALUES (1656, 'Công tắc cầu dao', 971, 2, '910-971-1656', 'G02-02-11', 'A331 - Trần Đình Huy', 'A331 - Trần Đình Huy', '2023-12-01 00:00:00', '2024-10-18 14:20:57', 'Vật tư tiêu hao dùng 1 lần', '', 'Switch', 'Cái/piece', NULL, 2, 2, 'lab_msc', '', '', 1, 4, NULL, 0.00, NULL, '', '1.0', 1.0000, '', 'active', '');
INSERT INTO `lsts_2020`.`asset_category_view` (`item_key`, `item_name`, `parent_key`, `level`, `key_serial`, `code`, `create_by`, `update_by`, `created_at`, `updated_at`, `category_name`, `category_name_en`, `item_name_en`, `unit`, `deleted_at`, `item_type_key`, `root_item_type_key`, `manage_by`, `publish_company_code`, `short_name`, `liquid_group_key`, `group_key`, `item_image_url`, `safe_quantity`, `old_code`, `specification`, `version`, `conversion_rate`, `description`, `status`, `active_by`) VALUES (1655, 'Dây điện đôi', 971, 2, '910-971-1655', 'G02-02-10', 'A331 - Trần Đình Huy', 'A331 - Trần Đình Huy', '2023-12-01 00:00:00', '2024-10-18 14:20:56', 'Vật tư tiêu hao dùng 1 lần', '', 'Double wire', 'm', NULL, 2, 2, 'lab_msc', '', '', 1, 4, NULL, 0.00, NULL, '', '1.0', 1.0000, '', 'active', '');
INSERT INTO `lsts_2020`.`asset_category_view` (`item_key`, `item_name`, `parent_key`, `level`, `key_serial`, `code`, `create_by`, `update_by`, `created_at`, `updated_at`, `category_name`, `category_name_en`, `item_name_en`, `unit`, `deleted_at`, `item_type_key`, `root_item_type_key`, `manage_by`, `publish_company_code`, `short_name`, `liquid_group_key`, `group_key`, `item_image_url`, `safe_quantity`, `old_code`, `specification`, `version`, `conversion_rate`, `description`, `status`, `active_by`) VALUES (1654, 'Keo nến  nhỏ', 971, 2, '910-971-1654', 'G02-02-09', 'A331 - Trần Đình Huy', 'A331 - Trần Đình Huy', '2023-12-01 00:00:00', '2024-10-18 14:20:56', 'Vật tư tiêu hao dùng 1 lần', '', 'glue candles', 'Cái/piece', NULL, 2, 2, 'lab_msc', '', '', 1, 4, NULL, 0.00, NULL, '', '1.0', 1.0000, '', 'active', '');
INSERT INTO `lsts_2020`.`asset_category_view` (`item_key`, `item_name`, `parent_key`, `level`, `key_serial`, `code`, `create_by`, `update_by`, `created_at`, `updated_at`, `category_name`, `category_name_en`, `item_name_en`, `unit`, `deleted_at`, `item_type_key`, `root_item_type_key`, `manage_by`, `publish_company_code`, `short_name`, `liquid_group_key`, `group_key`, `item_image_url`, `safe_quantity`, `old_code`, `specification`, `version`, `conversion_rate`, `description`, `status`, `active_by`) VALUES (1653, 'Nến trắng 20cm', 971, 2, '910-971-1653', 'G02-02-08', 'A331 - Trần Đình Huy', 'A331 - Trần Đình Huy', '2023-12-01 00:00:00', '2024-10-18 14:20:55', 'Vật tư tiêu hao dùng 1 lần', '', 'Candle', 'Cái/piece', NULL, 2, 2, 'lab_msc', '', '', 1, 4, NULL, 0.00, NULL, '', '1.0', 1.0000, '', 'active', '');
INSERT INTO `lsts_2020`.`asset_category_view` (`item_key`, `item_name`, `parent_key`, `level`, `key_serial`, `code`, `create_by`, `update_by`, `created_at`, `updated_at`, `category_name`, `category_name_en`, `item_name_en`, `unit`, `deleted_at`, `item_type_key`, `root_item_type_key`, `manage_by`, `publish_company_code`, `short_name`, `liquid_group_key`, `group_key`, `item_image_url`, `safe_quantity`, `old_code`, `specification`, `version`, `conversion_rate`, `description`, `status`, `active_by`) VALUES (1652, 'Pin 9V', 971, 2, '910-971-1652', 'G02-02-07', 'A331 - Trần Đình Huy', 'A331 - Trần Đình Huy', '2023-12-01 00:00:00', '2024-10-18 14:20:55', 'Vật tư tiêu hao dùng 1 lần', '', '', 'Cái/piece', NULL, 2, 2, 'lab_msc', '', '', 1, 4, NULL, 0.00, NULL, '', '1.0', 1.0000, '', 'active', '');
INSERT INTO `lsts_2020`.`asset_category_view` (`item_key`, `item_name`, `parent_key`, `level`, `key_serial`, `code`, `create_by`, `update_by`, `created_at`, `updated_at`, `category_name`, `category_name_en`, `item_name_en`, `unit`, `deleted_at`, `item_type_key`, `root_item_type_key`, `manage_by`, `publish_company_code`, `short_name`, `liquid_group_key`, `group_key`, `item_image_url`, `safe_quantity`, `old_code`, `specification`, `version`, `conversion_rate`, `description`, `status`, `active_by`) VALUES (1651, 'Pin AAA Alkaline', 971, 2, '910-971-1651', 'G02-02-06', 'A331 - Trần Đình Huy', 'A331 - Trần Đình Huy', '2023-12-01 00:00:00', '2024-10-18 14:20:54', 'Vật tư tiêu hao dùng 1 lần', '', '', 'Cái/piece', NULL, 2, 2, 'lab_msc', '', '', 1, 4, NULL, 0.00, NULL, '', '1.0', 1.0000, '', 'active', '');
INSERT INTO `lsts_2020`.`asset_category_view` (`item_key`, `item_name`, `parent_key`, `level`, `key_serial`, `code`, `create_by`, `update_by`, `created_at`, `updated_at`, `category_name`, `category_name_en`, `item_name_en`, `unit`, `deleted_at`, `item_type_key`, `root_item_type_key`, `manage_by`, `publish_company_code`, `short_name`, `liquid_group_key`, `group_key`, `item_image_url`, `safe_quantity`, `old_code`, `specification`, `version`, `conversion_rate`, `description`, `status`, `active_by`) VALUES (1650, 'Pin đại', 971, 2, '910-971-1650', 'G02-02-05', 'A331 - Trần Đình Huy', 'A331 - Trần Đình Huy', '2023-12-01 00:00:00', '2024-10-18 14:20:54', 'Vật tư tiêu hao dùng 1 lần', '', 'Big Battery', 'Cái/piece', NULL, 2, 2, 'lab_msc', '', '', 1, 4, NULL, 0.00, NULL, '', '1.0', 1.0000, '', 'active', '');
INSERT INTO `lsts_2020`.`asset_category_view` (`item_key`, `item_name`, `parent_key`, `level`, `key_serial`, `code`, `create_by`, `update_by`, `created_at`, `updated_at`, `category_name`, `category_name_en`, `item_name_en`, `unit`, `deleted_at`, `item_type_key`, `root_item_type_key`, `manage_by`, `publish_company_code`, `short_name`, `liquid_group_key`, `group_key`, `item_image_url`, `safe_quantity`, `old_code`, `specification`, `version`, `conversion_rate`, `description`, `status`, `active_by`) VALUES (1649, 'Pin dùng cho bút thử điện', 971, 2, '910-971-1649', 'G02-02-04', 'A331 - Trần Đình Huy', 'A331 - Trần Đình Huy', '2023-12-01 00:00:00', '2024-10-18 14:20:53', 'Vật tư tiêu hao dùng 1 lần', '', 'The battery in the tester', 'Cái/piece', NULL, 2, 2, 'lab_msc', '', '', 1, 4, NULL, 0.00, NULL, '', '1.0', 1.0000, '', 'active', '');
INSERT INTO `lsts_2020`.`asset_category_view` (`item_key`, `item_name`, `parent_key`, `level`, `key_serial`, `code`, `create_by`, `update_by`, `created_at`, `updated_at`, `category_name`, `category_name_en`, `item_name_en`, `unit`, `deleted_at`, `item_type_key`, `root_item_type_key`, `manage_by`, `publish_company_code`, `short_name`, `liquid_group_key`, `group_key`, `item_image_url`, `safe_quantity`, `old_code`, `specification`, `version`, `conversion_rate`, `description`, `status`, `active_by`) VALUES (1648, 'Quẹt gas', 971, 2, '910-971-1648', 'G02-02-03', 'A331 - Trần Đình Huy', 'A331 - Trần Đình Huy', '2023-12-01 00:00:00', '2024-10-18 14:20:53', 'Vật tư tiêu hao dùng 1 lần', '', 'Lighters', 'Cái/piece', NULL, 2, 2, 'lab_msc', '', '', 1, 4, NULL, 0.00, NULL, '', '1.0', 1.0000, '', 'active', '');
INSERT INTO `lsts_2020`.`asset_category_view` (`item_key`, `item_name`, `parent_key`, `level`, `key_serial`, `code`, `create_by`, `update_by`, `created_at`, `updated_at`, `category_name`, `category_name_en`, `item_name_en`, `unit`, `deleted_at`, `item_type_key`, `root_item_type_key`, `manage_by`, `publish_company_code`, `short_name`, `liquid_group_key`, `group_key`, `item_image_url`, `safe_quantity`, `old_code`, `specification`, `version`, `conversion_rate`, `description`, `status`, `active_by`) VALUES (1647, 'Tim đèn cồn vật lý', 971, 2, '910-971-1647', 'G02-02-02', 'A331 - Trần Đình Huy', 'A331 - Trần Đình Huy', '2023-12-01 00:00:00', '2024-10-18 14:20:53', 'Vật tư tiêu hao dùng 1 lần', '', 'lam-filament', 'Cái/piece', NULL, 2, 2, 'lab_msc', '', '', 1, 4, NULL, 0.00, NULL, '', '1.0', 1.0000, '', 'active', '');
INSERT INTO `lsts_2020`.`asset_category_view` (`item_key`, `item_name`, `parent_key`, `level`, `key_serial`, `code`, `create_by`, `update_by`, `created_at`, `updated_at`, `category_name`, `category_name_en`, `item_name_en`, `unit`, `deleted_at`, `item_type_key`, `root_item_type_key`, `manage_by`, `publish_company_code`, `short_name`, `liquid_group_key`, `group_key`, `item_image_url`, `safe_quantity`, `old_code`, `specification`, `version`, `conversion_rate`, `description`, `status`, `active_by`) VALUES (1646, 'Transistor C1815', 971, 2, '910-971-1646', 'G02-02-01', 'A331 - Trần Đình Huy', 'A331 - Trần Đình Huy', '2023-12-01 00:00:00', '2024-10-18 14:20:52', 'Vật tư tiêu hao dùng 1 lần', '', '', 'Cái/piece', NULL, 2, 2, 'lab_msc', '', '', 1, 4, NULL, 0.00, NULL, '', '1.0', 1.0000, '', 'active', '');
INSERT INTO `lsts_2020`.`asset_category_view` (`item_key`, `item_name`, `parent_key`, `level`, `key_serial`, `code`, `create_by`, `update_by`, `created_at`, `updated_at`, `category_name`, `category_name_en`, `item_name_en`, `unit`, `deleted_at`, `item_type_key`, `root_item_type_key`, `manage_by`, `publish_company_code`, `short_name`, `liquid_group_key`, `group_key`, `item_image_url`, `safe_quantity`, `old_code`, `specification`, `version`, `conversion_rate`, `description`, `status`, `active_by`) VALUES (971, 'Vật tư tiêu hao dùng 1 lần', 910, 1, '910-971', 'G02-02', 'A331 - Trần Đình Huy', 'A331 - Trần Đình Huy', '2023-12-01 00:00:00', '2024-01-02 11:55:54', 'Vật lý MSC', 'Physical', '', 'Cái/piece', NULL, 2, 2, 'lab_msc', '', '', 1, 4, NULL, 0.00, NULL, '', '1.0', 1.0000, '', 'active', '');
INSERT INTO `lsts_2020`.`asset_category_view` (`item_key`, `item_name`, `parent_key`, `level`, `key_serial`, `code`, `create_by`, `update_by`, `created_at`, `updated_at`, `category_name`, `category_name_en`, `item_name_en`, `unit`, `deleted_at`, `item_type_key`, `root_item_type_key`, `manage_by`, `publish_company_code`, `short_name`, `liquid_group_key`, `group_key`, `item_image_url`, `safe_quantity`, `old_code`, `specification`, `version`, `conversion_rate`, `description`, `status`, `active_by`) VALUES (1645, 'Cồn đốt 96 vật lý', 970, 2, '910-970-1645', 'G02-01-01', 'A331 - Trần Đình Huy', 'A331 - Trần Đình Huy', '2023-12-01 00:00:00', '2024-10-18 14:20:52', 'Dung môi', '', 'alcohol to burn', 'Lít', NULL, 2, 2, 'lab_msc', '', '', 1, 4, NULL, 0.00, NULL, '', '1.0', 1.0000, '', 'active', '');
INSERT INTO `lsts_2020`.`asset_category_view` (`item_key`, `item_name`, `parent_key`, `level`, `key_serial`, `code`, `create_by`, `update_by`, `created_at`, `updated_at`, `category_name`, `category_name_en`, `item_name_en`, `unit`, `deleted_at`, `item_type_key`, `root_item_type_key`, `manage_by`, `publish_company_code`, `short_name`, `liquid_group_key`, `group_key`, `item_image_url`, `safe_quantity`, `old_code`, `specification`, `version`, `conversion_rate`, `description`, `status`, `active_by`) VALUES (970, 'Dung môi', 910, 1, '910-970', 'G02-01', 'A331 - Trần Đình Huy', 'A331 - Trần Đình Huy', '2023-12-01 00:00:00', '2024-01-02 11:55:53', 'Vật lý MSC', 'Physical', '', 'ml', NULL, 2, 2, 'lab_msc', '', '', 1, 4, NULL, 0.00, NULL, '', '1.0', 1.0000, '', 'active', '');
INSERT INTO `lsts_2020`.`asset_category_view` (`item_key`, `item_name`, `parent_key`, `level`, `key_serial`, `code`, `create_by`, `update_by`, `created_at`, `updated_at`, `category_name`, `category_name_en`, `item_name_en`, `unit`, `deleted_at`, `item_type_key`, `root_item_type_key`, `manage_by`, `publish_company_code`, `short_name`, `liquid_group_key`, `group_key`, `item_image_url`, `safe_quantity`, `old_code`, `specification`, `version`, `conversion_rate`, `description`, `status`, `active_by`) VALUES (3242, 'Bộ TN KS chuyển động rơi tự do xác định gia tốc rơi tự do chuyển động của vật trên mặt phẳng nghiêng xác định hệ số ma sát theo phương pháp động lực học', 969, 2, '910-969-3242', 'G02-TN-19', 'A389 - Nguyễn Thị Kim Liên', 'A331 - Trần Đình Huy', '2024-08-15 14:55:32', '2024-10-18 14:22:37', 'Bộ thí nghiệm', '', 'The free-falling motion test set determines the free-fall acceleration the motion of the object on the inclined plane the determination of the friction coefficient according to the dynamic method', 'Bộ/set', NULL, 3, 2, 'lab_msc', NULL, NULL, 17, 4, NULL, 16.00, NULL, '', '1.0', 1.0000, '', 'active', '');
INSERT INTO `lsts_2020`.`asset_category_view` (`item_key`, `item_name`, `parent_key`, `level`, `key_serial`, `code`, `create_by`, `update_by`, `created_at`, `updated_at`, `category_name`, `category_name_en`, `item_name_en`, `unit`, `deleted_at`, `item_type_key`, `root_item_type_key`, `manage_by`, `publish_company_code`, `short_name`, `liquid_group_key`, `group_key`, `item_image_url`, `safe_quantity`, `old_code`, `specification`, `version`, `conversion_rate`, `description`, `status`, `active_by`) VALUES (2220, 'Bộ đèn Laser và giá lắp đèn Laser', 969, 2, '910-969-2220', 'G02-TN-17', 'A331 - Trần Đình Huy', 'A331 - Trần Đình Huy', '2023-12-18 00:00:00', '2024-10-18 14:22:36', 'Bộ thí nghiệm', '', 'Laser light and shelf', 'Bộ/set', NULL, 3, 2, 'lab_msc', '', '', 1, 4, '', 0.00, NULL, '', '1.0', 1.0000, '', 'active', '');
INSERT INTO `lsts_2020`.`asset_category_view` (`item_key`, `item_name`, `parent_key`, `level`, `key_serial`, `code`, `create_by`, `update_by`, `created_at`, `updated_at`, `category_name`, `category_name_en`, `item_name_en`, `unit`, `deleted_at`, `item_type_key`, `root_item_type_key`, `manage_by`, `publish_company_code`, `short_name`, `liquid_group_key`, `group_key`, `item_image_url`, `safe_quantity`, `old_code`, `specification`, `version`, `conversion_rate`, `description`, `status`, `active_by`) VALUES (2219, 'Bộ Thí nghiệm chạy động cơ nhỏ bằng PIN Mặt trời', 969, 2, '910-969-2219', 'G02-TN-16', 'A331 - Trần Đình Huy', 'A331 - Trần Đình Huy', '2023-12-18 00:00:00', '2024-10-18 14:22:35', 'Bộ thí nghiệm', '', 'Experiment set to run small motor with solar battery', 'Bộ/set', NULL, 3, 2, 'lab_msc', '', '', 1, 4, '', 0.00, NULL, '', '1.0', 1.0000, '', 'active', '');
INSERT INTO `lsts_2020`.`asset_category_view` (`item_key`, `item_name`, `parent_key`, `level`, `key_serial`, `code`, `create_by`, `update_by`, `created_at`, `updated_at`, `category_name`, `category_name_en`, `item_name_en`, `unit`, `deleted_at`, `item_type_key`, `root_item_type_key`, `manage_by`, `publish_company_code`, `short_name`, `liquid_group_key`, `group_key`, `item_image_url`, `safe_quantity`, `old_code`, `specification`, `version`, `conversion_rate`, `description`, `status`, `active_by`) VALUES (2218, 'Bộ thí nghiệm dẫn nhiệt của chất rắn', 969, 2, '910-969-2218', 'G02-TN-15', 'A331 - Trần Đình Huy', 'A331 - Trần Đình Huy', '2023-12-18 00:00:00', '2024-10-18 14:22:35', 'Bộ thí nghiệm', '', 'Experimental set of heat conduction of solid', 'Bộ/set', NULL, 3, 2, 'lab_msc', '', '', 1, 4, '', 0.00, NULL, '', '1.0', 1.0000, '', 'active', '');
INSERT INTO `lsts_2020`.`asset_category_view` (`item_key`, `item_name`, `parent_key`, `level`, `key_serial`, `code`, `create_by`, `update_by`, `created_at`, `updated_at`, `category_name`, `category_name_en`, `item_name_en`, `unit`, `deleted_at`, `item_type_key`, `root_item_type_key`, `manage_by`, `publish_company_code`, `short_name`, `liquid_group_key`, `group_key`, `item_image_url`, `safe_quantity`, `old_code`, `specification`, `version`, `conversion_rate`, `description`, `status`, `active_by`) VALUES (2217, 'Bộ thí nghiệm Orsted', 969, 2, '910-969-2217', 'G02-TN-14', 'A331 - Trần Đình Huy', 'A331 - Trần Đình Huy', '2023-12-18 00:00:00', '2024-10-18 14:22:34', 'Bộ thí nghiệm', '', 'Orsted experiment set', 'Bộ/set', NULL, 3, 2, 'lab_msc', '', '', 1, 4, '', 0.00, NULL, '', '1.0', 1.0000, '', 'active', '');
INSERT INTO `lsts_2020`.`asset_category_view` (`item_key`, `item_name`, `parent_key`, `level`, `key_serial`, `code`, `create_by`, `update_by`, `created_at`, `updated_at`, `category_name`, `category_name_en`, `item_name_en`, `unit`, `deleted_at`, `item_type_key`, `root_item_type_key`, `manage_by`, `publish_company_code`, `short_name`, `liquid_group_key`, `group_key`, `item_image_url`, `safe_quantity`, `old_code`, `specification`, `version`, `conversion_rate`, `description`, `status`, `active_by`) VALUES (2216, 'Bộ thí nghiệm tác dụng nhiệt của ánh sáng', 969, 2, '910-969-2216', 'G02-TN-13', 'A331 - Trần Đình Huy', 'A331 - Trần Đình Huy', '2023-12-18 00:00:00', '2024-10-18 14:22:34', 'Bộ thí nghiệm', '', 'Experimental set of thermal effects of light', 'Cái/piece', NULL, 3, 2, 'lab_msc', '', '', 1, 4, NULL, 0.00, NULL, '', '1.0', 1.0000, '', 'active', '');
INSERT INTO `lsts_2020`.`asset_category_view` (`item_key`, `item_name`, `parent_key`, `level`, `key_serial`, `code`, `create_by`, `update_by`, `created_at`, `updated_at`, `category_name`, `category_name_en`, `item_name_en`, `unit`, `deleted_at`, `item_type_key`, `root_item_type_key`, `manage_by`, `publish_company_code`, `short_name`, `liquid_group_key`, `group_key`, `item_image_url`, `safe_quantity`, `old_code`, `specification`, `version`, `conversion_rate`, `description`, `status`, `active_by`) VALUES (2215, 'Bộ TN chuyển hóa động năng thành thế năng và ngược lại', 969, 2, '910-969-2215', 'G02-TN-12', 'A331 - Trần Đình Huy', 'A331 - Trần Đình Huy', '2023-12-18 00:00:00', '2024-10-18 14:22:34', 'Bộ thí nghiệm', '', 'The experiment kit converts kinetic energy into potential energy and vice versa', 'Bộ/set', NULL, 3, 2, 'lab_msc', '', '', 1, 4, '', 0.00, NULL, '', '1.0', 1.0000, '', 'active', '');
INSERT INTO `lsts_2020`.`asset_category_view` (`item_key`, `item_name`, `parent_key`, `level`, `key_serial`, `code`, `create_by`, `update_by`, `created_at`, `updated_at`, `category_name`, `category_name_en`, `item_name_en`, `unit`, `deleted_at`, `item_type_key`, `root_item_type_key`, `manage_by`, `publish_company_code`, `short_name`, `liquid_group_key`, `group_key`, `item_image_url`, `safe_quantity`, `old_code`, `specification`, `version`, `conversion_rate`, `description`, `status`, `active_by`) VALUES (2214, 'Bộ TN KS hiện tượng mao dẫn', 969, 2, '910-969-2214', 'G02-TN-11', 'A331 - Trần Đình Huy', 'A331 - Trần Đình Huy', '2023-12-18 00:00:00', '2024-10-18 14:22:33', 'Bộ thí nghiệm', '', 'Experimental set of capillary phenomena', 'Bộ/set', NULL, 3, 2, 'lab_msc', '', '', 1, 4, '', 0.00, NULL, '', '1.0', 1.0000, '', 'active', '');
INSERT INTO `lsts_2020`.`asset_category_view` (`item_key`, `item_name`, `parent_key`, `level`, `key_serial`, `code`, `create_by`, `update_by`, `created_at`, `updated_at`, `category_name`, `category_name_en`, `item_name_en`, `unit`, `deleted_at`, `item_type_key`, `root_item_type_key`, `manage_by`, `publish_company_code`, `short_name`, `liquid_group_key`, `group_key`, `item_image_url`, `safe_quantity`, `old_code`, `specification`, `version`, `conversion_rate`, `description`, `status`, `active_by`) VALUES (2213, 'Bộ TN lực đẩy Archimedes', 969, 2, '910-969-2213', 'G02-TN-10', 'A331 - Trần Đình Huy', 'A331 - Trần Đình Huy', '2023-12-18 00:00:00', '2024-10-18 14:22:33', 'Bộ thí nghiệm', '', 'Archimedes repulsion experiment set', 'Cái/piece', NULL, 3, 2, 'lab_msc', '', '', 1, 4, NULL, 0.00, NULL, '', '1.0', 1.0000, '', 'active', '');
INSERT INTO `lsts_2020`.`asset_category_view` (`item_key`, `item_name`, `parent_key`, `level`, `key_serial`, `code`, `create_by`, `update_by`, `created_at`, `updated_at`, `category_name`, `category_name_en`, `item_name_en`, `unit`, `deleted_at`, `item_type_key`, `root_item_type_key`, `manage_by`, `publish_company_code`, `short_name`, `liquid_group_key`, `group_key`, `item_image_url`, `safe_quantity`, `old_code`, `specification`, `version`, `conversion_rate`, `description`, `status`, `active_by`) VALUES (2212, 'Bộ TN nghiệm các định luật Boyle – Mariotte đối với chất khí', 969, 2, '910-969-2212', 'G02-TN-09', 'A331 - Trần Đình Huy', 'A331 - Trần Đình Huy', '2023-12-18 00:00:00', '2024-10-18 14:22:32', 'Bộ thí nghiệm', '', 'Experimental set testing Boyle  Mariottes laws for gases', 'Cái/piece', NULL, 3, 2, 'lab_msc', '', '', 1, 4, NULL, 0.00, NULL, '', '1.0', 1.0000, '', 'active', '');
INSERT INTO `lsts_2020`.`asset_category_view` (`item_key`, `item_name`, `parent_key`, `level`, `key_serial`, `code`, `create_by`, `update_by`, `created_at`, `updated_at`, `category_name`, `category_name_en`, `item_name_en`, `unit`, `deleted_at`, `item_type_key`, `root_item_type_key`, `manage_by`, `publish_company_code`, `short_name`, `liquid_group_key`, `group_key`, `item_image_url`, `safe_quantity`, `old_code`, `specification`, `version`, `conversion_rate`, `description`, `status`, `active_by`) VALUES (2211, 'Bộ TN nghiệm lại qui tắc hợp lực đồng qui song song', 969, 2, '910-969-2211', 'G02-TN-08', 'A331 - Trần Đình Huy', 'A331 - Trần Đình Huy', '2023-12-18 00:00:00', '2024-10-18 14:22:32', 'Bộ thí nghiệm', '', 'The experiment set tested the rules of convergence parallel', 'Cái/piece', NULL, 3, 2, 'lab_msc', '', '', 1, 4, NULL, 0.00, NULL, '', '1.0', 1.0000, '', 'active', '');
INSERT INTO `lsts_2020`.`asset_category_view` (`item_key`, `item_name`, `parent_key`, `level`, `key_serial`, `code`, `create_by`, `update_by`, `created_at`, `updated_at`, `category_name`, `category_name_en`, `item_name_en`, `unit`, `deleted_at`, `item_type_key`, `root_item_type_key`, `manage_by`, `publish_company_code`, `short_name`, `liquid_group_key`, `group_key`, `item_image_url`, `safe_quantity`, `old_code`, `specification`, `version`, `conversion_rate`, `description`, `status`, `active_by`) VALUES (2210, 'Bộ TN nở dài vì nhiệt của chất rắn', 969, 2, '910-969-2210', 'G02-TN-07', 'A331 - Trần Đình Huy', 'A331 - Trần Đình Huy', '2023-12-18 00:00:00', '2024-10-18 14:22:31', 'Bộ thí nghiệm', '', 'Experimental set of linear thermal expansion of solid', 'Cái/piece', NULL, 3, 2, 'lab_msc', '', '', 1, 4, NULL, 0.00, NULL, '', '1.0', 1.0000, '', 'active', '');


INSERT INTO `lsts_2020`.`asset_storage_movements` (`movement_id`, `movement_date`, `movement_type`, `item_key`, `storage_item_key`, `storage_key`, `quantity`, `reference_form_id`, `reference_document`, `note`, `unit_price`, `total_amount`, `supplier`, `receiver`, `old_history_key`, `created_at`, `updated_at`, `create_by`, `update_by`) VALUES (355, '2023-11-24 00:00:00', 'input', 650, 270, 1, 400.00, NULL, NULL, 'Migrated from storage_history - note', NULL, NULL, NULL, NULL, 355, '2023-11-24 21:49:57', '2025-03-21 10:41:39', 'A331 - Trần Đình Huy', 'A331 - Trần Đình Huy');
INSERT INTO `lsts_2020`.`asset_storage_movements` (`movement_id`, `movement_date`, `movement_type`, `item_key`, `storage_item_key`, `storage_key`, `quantity`, `reference_form_id`, `reference_document`, `note`, `unit_price`, `total_amount`, `supplier`, `receiver`, `old_history_key`, `created_at`, `updated_at`, `create_by`, `update_by`) VALUES (356, '2023-10-06 00:00:00', 'input', 486, 433, 1, 500.00, NULL, NULL, 'Migrated from storage_history - 00008803', NULL, NULL, NULL, NULL, 356, '2023-12-11 15:42:26', '2025-03-21 10:41:39', 'A331 - Trần Đình Huy', 'A331 - Trần Đình Huy');
INSERT INTO `lsts_2020`.`asset_storage_movements` (`movement_id`, `movement_date`, `movement_type`, `item_key`, `storage_item_key`, `storage_key`, `quantity`, `reference_form_id`, `reference_document`, `note`, `unit_price`, `total_amount`, `supplier`, `receiver`, `old_history_key`, `created_at`, `updated_at`, `create_by`, `update_by`) VALUES (357, '2023-10-02 00:00:00', 'input', 1819, 85, 1, 1.00, NULL, NULL, 'Migrated from storage_history - ', NULL, NULL, NULL, NULL, 357, '2023-12-11 16:00:28', '2025-03-21 10:41:39', 'A331 - Trần Đình Huy', 'A331 - Trần Đình Huy');
INSERT INTO `lsts_2020`.`asset_storage_movements` (`movement_id`, `movement_date`, `movement_type`, `item_key`, `storage_item_key`, `storage_key`, `quantity`, `reference_form_id`, `reference_document`, `note`, `unit_price`, `total_amount`, `supplier`, `receiver`, `old_history_key`, `created_at`, `updated_at`, `create_by`, `update_by`) VALUES (358, '2023-10-02 00:00:00', 'input', 1820, 84, 1, 24.00, NULL, NULL, 'Migrated from storage_history - 00002422', NULL, NULL, NULL, NULL, 358, '2023-12-12 16:07:02', '2025-03-21 10:41:40', 'A255 - Nguyễn Thị Hoa', 'A331 - Trần Đình Huy');
INSERT INTO `lsts_2020`.`asset_storage_movements` (`movement_id`, `movement_date`, `movement_type`, `item_key`, `storage_item_key`, `storage_key`, `quantity`, `reference_form_id`, `reference_document`, `note`, `unit_price`, `total_amount`, `supplier`, `receiver`, `old_history_key`, `created_at`, `updated_at`, `create_by`, `update_by`) VALUES (359, '2023-10-02 00:00:00', 'input', 1821, 83, 1, 30.00, NULL, NULL, 'Migrated from storage_history - 00002422', NULL, NULL, NULL, NULL, 359, '2023-12-12 16:08:32', '2025-03-21 10:41:39', 'A255 - Nguyễn Thị Hoa', 'A331 - Trần Đình Huy');
INSERT INTO `lsts_2020`.`asset_storage_movements` (`movement_id`, `movement_date`, `movement_type`, `item_key`, `storage_item_key`, `storage_key`, `quantity`, `reference_form_id`, `reference_document`, `note`, `unit_price`, `total_amount`, `supplier`, `receiver`, `old_history_key`, `created_at`, `updated_at`, `create_by`, `update_by`) VALUES (360, '2023-10-02 00:00:00', 'input', 1822, 82, 1, 30.00, NULL, NULL, 'Migrated from storage_history - 00002422', NULL, NULL, NULL, NULL, 360, '2023-12-12 16:09:15', NULL, 'A255 - Nguyễn Thị Hoa', NULL);
INSERT INTO `lsts_2020`.`asset_storage_movements` (`movement_id`, `movement_date`, `movement_type`, `item_key`, `storage_item_key`, `storage_key`, `quantity`, `reference_form_id`, `reference_document`, `note`, `unit_price`, `total_amount`, `supplier`, `receiver`, `old_history_key`, `created_at`, `updated_at`, `create_by`, `update_by`) VALUES (361, '2023-10-02 00:00:00', 'input', 1823, 81, 1, 20.00, NULL, NULL, 'Migrated from storage_history - 00002422', NULL, NULL, NULL, NULL, 361, '2023-12-12 16:10:00', NULL, 'A255 - Nguyễn Thị Hoa', NULL);
INSERT INTO `lsts_2020`.`asset_storage_movements` (`movement_id`, `movement_date`, `movement_type`, `item_key`, `storage_item_key`, `storage_key`, `quantity`, `reference_form_id`, `reference_document`, `note`, `unit_price`, `total_amount`, `supplier`, `receiver`, `old_history_key`, `created_at`, `updated_at`, `create_by`, `update_by`) VALUES (362, '2023-10-02 00:00:00', 'input', 1824, 80, 1, 20.00, NULL, NULL, 'Migrated from storage_history - 00002422', NULL, NULL, NULL, NULL, 362, '2023-12-12 16:10:40', NULL, 'A255 - Nguyễn Thị Hoa', NULL);
INSERT INTO `lsts_2020`.`asset_storage_movements` (`movement_id`, `movement_date`, `movement_type`, `item_key`, `storage_item_key`, `storage_key`, `quantity`, `reference_form_id`, `reference_document`, `note`, `unit_price`, `total_amount`, `supplier`, `receiver`, `old_history_key`, `created_at`, `updated_at`, `create_by`, `update_by`) VALUES (363, '2023-10-02 00:00:00', 'input', 1825, 79, 1, 7.00, NULL, NULL, 'Migrated from storage_history - 00002422', NULL, NULL, NULL, NULL, 363, '2023-12-12 16:11:47', NULL, 'A255 - Nguyễn Thị Hoa', NULL);
INSERT INTO `lsts_2020`.`asset_storage_movements` (`movement_id`, `movement_date`, `movement_type`, `item_key`, `storage_item_key`, `storage_key`, `quantity`, `reference_form_id`, `reference_document`, `note`, `unit_price`, `total_amount`, `supplier`, `receiver`, `old_history_key`, `created_at`, `updated_at`, `create_by`, `update_by`) VALUES (364, '2023-10-06 00:00:00', 'input', 1826, 78, 1, 7.00, NULL, NULL, 'Migrated from storage_history - 00002423', NULL, NULL, NULL, NULL, 364, '2023-12-12 16:12:33', NULL, 'A255 - Nguyễn Thị Hoa', NULL);
INSERT INTO `lsts_2020`.`asset_storage_movements` (`movement_id`, `movement_date`, `movement_type`, `item_key`, `storage_item_key`, `storage_key`, `quantity`, `reference_form_id`, `reference_document`, `note`, `unit_price`, `total_amount`, `supplier`, `receiver`, `old_history_key`, `created_at`, `updated_at`, `create_by`, `update_by`) VALUES (365, '2023-10-06 00:00:00', 'input', 1827, 77, 1, 18.00, NULL, NULL, 'Migrated from storage_history - 00002424', NULL, NULL, NULL, NULL, 365, '2023-12-12 16:13:30', NULL, 'A255 - Nguyễn Thị Hoa', NULL);
INSERT INTO `lsts_2020`.`asset_storage_movements` (`movement_id`, `movement_date`, `movement_type`, `item_key`, `storage_item_key`, `storage_key`, `quantity`, `reference_form_id`, `reference_document`, `note`, `unit_price`, `total_amount`, `supplier`, `receiver`, `old_history_key`, `created_at`, `updated_at`, `create_by`, `update_by`) VALUES (366, '2023-10-06 00:00:00', 'input', 1828, 76, 1, 18.00, NULL, NULL, 'Migrated from storage_history - 00002424', NULL, NULL, NULL, NULL, 366, '2023-12-12 16:13:53', NULL, 'A255 - Nguyễn Thị Hoa', NULL);
